{"cameraMode":{"drawMode":0,"name":"Shaded","section":"Shading Mode"},"sceneLighting":true,"audioPlay":false,"sceneViewState":{"m_AlwaysRefresh":false,"showFog":true,"showSkybox":true,"showFlares":true,"showImageEffects":true,"showParticleSystems":true,"showVisualEffectGraphs":true,"m_FxEnabled":true},"in2DMode":false,"pivot":{"x":5.424376964569092,"y":-0.42431434988975527,"z":1.7878737449645997},"rotation":{"x":0.07825563848018646,"y":-0.8768154382705689,"z":0.15276896953582765,"w":0.44914719462394717},"size":1.7584236860275269,"orthographic":false}