{"cameraMode":{"drawMode":0,"name":"Shaded","section":"Shading Mode"},"sceneLighting":true,"audioPlay":false,"sceneViewState":{"m_AlwaysRefresh":false,"showFog":true,"showSkybox":true,"showFlares":true,"showImageEffects":true,"showParticleSystems":true,"showVisualEffectGraphs":true,"m_FxEnabled":true},"in2DMode":false,"pivot":{"x":15.014840126037598,"y":-19.745365142822267,"z":81.5876693725586},"rotation":{"x":0.13003596663475038,"y":0.037768758833408359,"z":-0.004958081059157848,"w":0.9907822012901306},"size":44.90807342529297,"orthographic":false}