{"cameraMode":{"drawMode":0,"name":"Shaded","section":"Shading Mode"},"sceneLighting":true,"audioPlay":false,"sceneViewState":{"m_AlwaysRefresh":false,"showFog":true,"showSkybox":true,"showFlares":true,"showImageEffects":true,"showParticleSystems":true,"showVisualEffectGraphs":true,"m_FxEnabled":true},"in2DMode":false,"pivot":{"x":9.566452026367188,"y":0.9653878211975098,"z":1.6692074537277222},"rotation":{"x":0.03804191201925278,"y":0.7266780734062195,"z":-0.04037228226661682,"w":0.6847415566444397},"size":2.9900357723236086,"orthographic":false}